id,dateadded,url,url_status,threat,tags,urlhaus_link,reporter
"702887","2020-10-16 16:57:12","http://bu9i07f.com/muty/sohaq.php?l=tali12.cab","offline","malware_download","dll,IcedID,shathak,TA551","https://urlhaus.abuse.ch/url/702887/","p5yb34m"
"702886","2020-10-16 16:57:06","http://y21r11j.com/muty/sohaq.php?l=tali8.cab","offline","malware_download","dll,IcedID,shathak,TA551","https://urlhaus.abuse.ch/url/702886/","p5yb34m"
"702829","2020-10-16 16:44:06","http://tzrztatmarzch.com/btb/I9428ybqxr1ZPeU.exe","online","malware_download","AgentTesla","https://urlhaus.abuse.ch/url/702829/","James_inthe_box"
"702827","2020-10-16 16:41:04","http://dhmo.org.ua/wp-admin/LLC/xevy9f5/r80jjdlmflsow548yk3foppnhbke4p/","online","malware_download","doc,emotet,epoch2,heodo","https://urlhaus.abuse.ch/url/702827/","Cryptolaemus1"
"702529","2020-10-16 15:25:07","https://hastebin.com/raw/yajexajeko","offline","malware_download","None","https://urlhaus.abuse.ch/url/702529/","ps66uk"
"702528","2020-10-16 15:25:06","http://egdelsur.es/wp-content/SfYjIPKeMcuwfCu/","online","malware_download","doc,emotet,epoch1,heodo","https://urlhaus.abuse.ch/url/702528/","Cryptolaemus1"
"702513","2020-10-16 15:23:04","http://tyrelandltd.com/wp-admin/parts_service/C849XUXBM0VVzOD2r31V/","online","malware_download","doc,emotet,epoch1,heodo","https://urlhaus.abuse.ch/url/702513/","Cryptolaemus1"
"702515","2020-10-16 15:23:04","https://ashraydekho.com/x9tity.php","offline","malware_download","geofenced,zloader","https://urlhaus.abuse.ch/url/702515/","reecdeep"
"702514","2020-10-16 15:23:04","https://biotantra.info/qbqkew.php","offline","malware_download","geofenced,zloader","https://urlhaus.abuse.ch/url/702514/","reecdeep"
"702516","2020-10-16 15:23:04","https://breaktalks.com/fsq48c.php","offline","malware_download","geofenced,zloader","https://urlhaus.abuse.ch/url/702516/","reecdeep"
"702512","2020-10-16 15:23:03","https://arifulhuq.com/7aops3.php","offline","malware_download","geofenced,zloader","https://urlhaus.abuse.ch/url/702512/","reecdeep"
"702475","2020-10-16 15:15:14","http://weareelementalmedia.com/wp-admin/INC/vgLCAXMmAKXTrzC/","online","malware_download","doc,emotet,epoch1,heodo","https://urlhaus.abuse.ch/url/702475/","Cryptolaemus1"
"702347","2020-10-16 14:48:06","http://thedailysmile.com/wp-admin/eTrac/70xnfxb1wj/35jmxb2iru18ugmltyv8k/","online","malware_download","doc,emotet,epoch2,heodo","https://urlhaus.abuse.ch/url/702347/","Cryptolaemus1"
"702286","2020-10-16 14:34:13","https://personaltrainersindia.com/fonts/Q55X/","offline","malware_download","emotet,epoch2,exe,heodo","https://urlhaus.abuse.ch/url/702286/","Cryptolaemus1"
"702283","2020-10-16 14:34:12","http://iei7.com/wp-admin/5ShKLn/","online","malware_download","emotet,epoch2,exe,heodo","https://urlhaus.abuse.ch/url/702283/","Cryptolaemus1"
"702280","2020-10-16 14:34:09","https://eldahwa.com/9th-grade/F2Kw/","offline","malware_download","emotet,epoch2,exe,heodo","https://urlhaus.abuse.ch/url/702280/","Cryptolaemus1"
"702279","2020-10-16 14:34:08","http://housetutor.wasseela.com/x2ekf/tMR/","online","malware_download","emotet,epoch2,exe,heodo","https://urlhaus.abuse.ch/url/702279/","Cryptolaemus1"
"702276","2020-10-16 14:34:08","https://prabhatcycles.com/prabhatcycles/U1i7/","offline","malware_download","emotet,epoch2,exe,heodo","https://urlhaus.abuse.ch/url/702276/","Cryptolaemus1"
"702277","2020-10-16 14:34:08","https://www.right2liferx.com/admin/AcgEH/","offline","malware_download","emotet,epoch2,exe,heodo","https://urlhaus.abuse.ch/url/702277/","Cryptolaemus1"
"702275","2020-10-16 14:34:07","https://poppylon.com/wp-admin/E22zho/","online","malware_download","emotet,epoch2,exe,heodo","https://urlhaus.abuse.ch/url/702275/","Cryptolaemus1"
"702273","2020-10-16 14:34:06","https://meeak.com/wp-admin/lcJ/","online","malware_download","emotet,epoch2,exe,heodo","https://urlhaus.abuse.ch/url/702273/","Cryptolaemus1"
"702272","2020-10-16 14:31:15","http://down.udashi.com/pe/driverexportpe.exe","online","malware_download","exe","https://urlhaus.abuse.ch/url/702272/","zbetcheckin"
"702271","2020-10-16 14:31:04","http://bestwayanimalremoval.com/blog/eTrac/KlFYMkgTTD/","online","malware_download","doc,emotet,epoch1,heodo","https://urlhaus.abuse.ch/url/702271/","Cryptolaemus1"
"702267","2020-10-16 14:26:04","http://fussball-stellen.de/wp-admin/OCT/jlYI9vW2V8U7/","online","malware_download","doc,emotet,epoch1,heodo","https://urlhaus.abuse.ch/url/702267/","Cryptolaemus1"
"702243","2020-10-16 14:21:04","http://pneumec.in/wp-content/esp/2vIqxdVL7n/","online","malware_download","doc,emotet,epoch1,heodo","https://urlhaus.abuse.ch/url/702243/","Cryptolaemus1"
"702223","2020-10-16 14:15:05","http://udbhaw.com/wp-includes/payment/","online","malware_download","doc,emotet,heodo","https://urlhaus.abuse.ch/url/702223/","zbetcheckin"
"702174","2020-10-16 13:58:04","http://afordel.com/sitemap/Documentation/","online","malware_download","doc,emotet,epoch2,heodo","https://urlhaus.abuse.ch/url/702174/","Cryptolaemus1"
"702173","2020-10-16 13:57:04","http://eimpact.al/stayon/5916090725845390/QfIkbTngnFndhNM/","online","malware_download","doc,emotet,epoch1,heodo","https://urlhaus.abuse.ch/url/702173/","Cryptolaemus1"
"702167","2020-10-16 13:53:05","http://energyforliving.com/old-site/d32lvhe6hd9kzi30ilxxo/","online","malware_download","doc,emotet,epoch2,heodo","https://urlhaus.abuse.ch/url/702167/","Cryptolaemus1"
"702136","2020-10-16 13:50:08","http://metodotrcd.com/wp/d/","online","malware_download","emotet,epoch3,exe,heodo","https://urlhaus.abuse.ch/url/702136/","Cryptolaemus1"
"702114","2020-10-16 13:43:06","https://privatefiles24.top/download.php","offline","malware_download","anti-bot,password:777,xls,zloader","https://urlhaus.abuse.ch/url/702114/","ffforward"
"702113","2020-10-16 13:43:05","http://www.high5branding.co.za/chalcid/FILE/i8EQHzXh71I0I/","online","malware_download","doc,emotet,epoch1,heodo","https://urlhaus.abuse.ch/url/702113/","Cryptolaemus1"
"702112","2020-10-16 13:43:04","http://ltahhya.com/content/attachments/ZvohMCQGzsTzGf/","online","malware_download","doc,emotet,epoch1,heodo","https://urlhaus.abuse.ch/url/702112/","Cryptolaemus1"
"702110","2020-10-16 13:39:07","http://yusisystems.com/sys1/Overview/","online","malware_download","doc,emotet,epoch2,heodo","https://urlhaus.abuse.ch/url/702110/","Cryptolaemus1"
"702108","2020-10-16 13:38:13","http://creationskateboards.com/shred/H/","online","malware_download","emotet,epoch1,exe,heodo","https://urlhaus.abuse.ch/url/702108/","Cryptolaemus1"
"702107","2020-10-16 13:38:09","http://rtjandxly.online/wp-content/kir/","offline","malware_download","emotet,epoch1,exe,heodo","https://urlhaus.abuse.ch/url/702107/","Cryptolaemus1"
"702104","2020-10-16 13:38:08","http://dlhagency.com/cgi-bin/8z/","offline","malware_download","emotet,epoch1,exe,heodo","https://urlhaus.abuse.ch/url/702104/","Cryptolaemus1"
"702105","2020-10-16 13:38:08","http://gtech.thngo58.com/wp-includes/9zo/","offline","malware_download","emotet,epoch1,exe,heodo","https://urlhaus.abuse.ch/url/702105/","Cryptolaemus1"
"702101","2020-10-16 13:38:07","http://bnmintl.com/cgi-bin/Ibu/","online","malware_download","emotet,epoch1,exe,heodo","https://urlhaus.abuse.ch/url/702101/","Cryptolaemus1"
"702102","2020-10-16 13:38:07","http://drwalidabdelgaffar.com/dentalia/lL/","online","malware_download","emotet,epoch1,exe,heodo","https://urlhaus.abuse.ch/url/702102/","Cryptolaemus1"
"702100","2020-10-16 13:38:07","http://paganwitch.com/wp-admin/0pd/","online","malware_download","emotet,epoch1,exe,heodo","https://urlhaus.abuse.ch/url/702100/","Cryptolaemus1"
"702052","2020-10-16 13:31:39","http://maxwellfloorcoverings.com/9jwmzfk9/document/5a7q417c2izct8h/","online","malware_download","doc,emotet,epoch2,heodo","https://urlhaus.abuse.ch/url/702052/","Cryptolaemus1"
"702051","2020-10-16 13:31:20","https://qiaoshounvgong.com/kolbot-pickit/attachments/zj4m1qmp58/","online","malware_download","doc,emotet,epoch2,heodo","https://urlhaus.abuse.ch/url/702051/","Cryptolaemus1"
"702048","2020-10-16 13:31:19","http://kaher.edu.in/ca3/LLC/","online","malware_download","doc,emotet,epoch2,heodo","https://urlhaus.abuse.ch/url/702048/","Cryptolaemus1"
"702050","2020-10-16 13:31:19","http://selim.codes/content/public/443x86rsdsb96/","online","malware_download","doc,emotet,epoch2,heodo","https://urlhaus.abuse.ch/url/702050/","Cryptolaemus1"
"702049","2020-10-16 13:31:19","https://helpyfinder.com/wp-admin/docs/ahntm6kjmaj/","online","malware_download","doc,emotet,epoch2,heodo","https://urlhaus.abuse.ch/url/702049/","Cryptolaemus1"
"702047","2020-10-16 13:31:18","https://laspanofashion.com/wp-content/report/8oxfs5t7/xpfk2oyqgmv5zpe/","offline","malware_download","doc,emotet,epoch2,heodo","https://urlhaus.abuse.ch/url/702047/","Cryptolaemus1"
"702046","2020-10-16 13:31:18","https://wisrichgroup.com/wp-admin/Overview/","online","malware_download","doc,emotet,epoch2,heodo","https://urlhaus.abuse.ch/url/702046/","Cryptolaemus1"
"702045","2020-10-16 13:31:17","http://inbear.vn/wp-admin/swift/ha4mieh41ka/","online","malware_download","doc,emotet,epoch2,heodo","https://urlhaus.abuse.ch/url/702045/","Cryptolaemus1"
"702044","2020-10-16 13:31:17","https://manojbhatia.com/wp-admin/eTrac/","online","malware_download","doc,emotet,epoch2,heodo","https://urlhaus.abuse.ch/url/702044/","Cryptolaemus1"
"702043","2020-10-16 13:31:17","https://xiaohu.mobi/wp-content/INC/a1p8lcmhgcq33vxlphv9g4fco2vac0q2/","online","malware_download","doc,emotet,epoch2,heodo","https://urlhaus.abuse.ch/url/702043/","Cryptolaemus1"
"702042","2020-10-16 13:31:16","http://sistaqui.com/wp-content/file/w4u0q5bkgs/","online","malware_download","doc,emotet,epoch2,heodo","https://urlhaus.abuse.ch/url/702042/","Cryptolaemus1"
"702041","2020-10-16 13:31:14","https://indiastartup360.com/wp-admin/kcw8cwp/24a38v2gdv57v/","offline","malware_download","doc,emotet,epoch2,heodo","https://urlhaus.abuse.ch/url/702041/","Cryptolaemus1"
"702038","2020-10-16 13:31:13","http://les-crocs-du-tigre.fr/cgi-bin/swift/dfytk5b/","offline","malware_download","doc,emotet,epoch2,heodo","https://urlhaus.abuse.ch/url/702038/","Cryptolaemus1"
"702039","2020-10-16 13:31:13","http://sntsadvogados.com.br/wp-includes/statement/g3lm9c3s1ce29s/","online","malware_download","doc,emotet,epoch2,heodo","https://urlhaus.abuse.ch/url/702039/","Cryptolaemus1"
"702040","2020-10-16 13:31:13","https://ashraydekho.com/wp-includes/FILE/pwo4ge7i/0n7mzc/","online","malware_download","doc,emotet,epoch2,heodo","https://urlhaus.abuse.ch/url/702040/","Cryptolaemus1"
"702037","2020-10-16 13:31:12","http://nnichi.com/saho/uvzCNGvyq-ES.zip","online","malware_download","mekotio,msi,Spain,zip","https://urlhaus.abuse.ch/url/702037/","edelahozuah"
"702036","2020-10-16 13:31:11","http://www.liulian999.top/wp-content/LLC/ol0tme8f/avlgc93443wpo/","online","malware_download","doc,emotet,epoch2,heodo","https://urlhaus.abuse.ch/url/702036/","Cryptolaemus1"
"702034","2020-10-16 13:31:10","http://abtech.everlinksolutions.com/alcatel-a30/doc/8f3n9o/","online","malware_download","doc,emotet,epoch2,heodo","https://urlhaus.abuse.ch/url/702034/","Cryptolaemus1"
"702035","2020-10-16 13:31:10","http://bisneed.com/cgi-bin/Overview/frwukzs87b6fnzs6d97pn7/","online","malware_download","doc,emotet,epoch2,heodo","https://urlhaus.abuse.ch/url/702035/","Cryptolaemus1"
"702033","2020-10-16 13:31:10","http://blog.mumun.cn/3gr/browse/g5hbha7qfd/","offline","malware_download","doc,emotet,epoch2,heodo","https://urlhaus.abuse.ch/url/702033/","Cryptolaemus1"
"702032","2020-10-16 13:31:09","http://nimia.com.dream.website/wp-content/Overview/70ypk637pft/","online","malware_download","doc,emotet,epoch2,heodo","https://urlhaus.abuse.ch/url/702032/","Cryptolaemus1"
"702031","2020-10-16 13:31:09","https://storage.googleapis.com/dwnl3736920/DirGenTraf_Multa16102020.zip","online","malware_download","mekotio,Spain,zip","https://urlhaus.abuse.ch/url/702031/","edelahozuah"
"702030","2020-10-16 13:31:08","http://qixiulvshi.com/calendar/em61fxbejgzj49epoohqvl/","online","malware_download","doc,emotet,epoch2,heodo","https://urlhaus.abuse.ch/url/702030/","Cryptolaemus1"
"702028","2020-10-16 13:31:07","https://libramedia.net/sql987/92938/jdjjwmiqc6vyo7c/n8fyi3h3irhdzemvrbagapj/","online","malware_download","doc,emotet,epoch2,heodo","https://urlhaus.abuse.ch/url/702028/","Cryptolaemus1"
"702029","2020-10-16 13:31:07","https://office.horussolution.com/files/Document/m2yp4zn91rr6ej/","online","malware_download","doc,emotet,epoch2,heodo","https://urlhaus.abuse.ch/url/702029/","Cryptolaemus1"
"702027","2020-10-16 13:31:06","http://essic.online/bymlii/balance/0edqed3d3fqx8ezoq1yk4w36xm0oij1ih/","online","malware_download","doc,emotet,epoch2,heodo","https://urlhaus.abuse.ch/url/702027/","Cryptolaemus1"
"702026","2020-10-16 13:31:06","http://northnodegroup.com.au/cgi-bin/Overview/33tnnnxrs/","online","malware_download","doc,emotet,epoch2,heodo","https://urlhaus.abuse.ch/url/702026/","Cryptolaemus1"
"702023","2020-10-16 13:31:05","http://boavistanet.com/wp-content/LLC/","online","malware_download","doc,emotet,epoch2,heodo","https://urlhaus.abuse.ch/url/702023/","Cryptolaemus1"
"702024","2020-10-16 13:31:05","https://data2cloud.om/wp-admin/wfemmsy4/","online","malware_download","doc,emotet,epoch2,heodo","https://urlhaus.abuse.ch/url/702024/","Cryptolaemus1"
"702025","2020-10-16 13:31:05","https://gamcb.in/wp-admin/balance/dfv8yr5j0ek71bl4y73cpjoivl/","online","malware_download","doc,emotet,epoch2,heodo","https://urlhaus.abuse.ch/url/702025/","Cryptolaemus1"
"701982","2020-10-16 13:22:06","https://cdn.discordapp.com/attachments/766537325936246807/766537353808314398/Arrival_Notice__INV__ETD_12th-OCT-2020.gz","offline","malware_download","AgentTesla","https://urlhaus.abuse.ch/url/701982/","James_inthe_box"
"701845","2020-10-16 12:46:09","https://v-post.top/PostNord.apk","online","malware_download","apk ,FakeCop","https://urlhaus.abuse.ch/url/701845/","switchcert"
"701827","2020-10-16 12:37:19","https://apidocs.dcdial.com/wp-includes/H/","offline","malware_download","emotet,epoch2,exe,heodo","https://urlhaus.abuse.ch/url/701827/","Cryptolaemus1"
"701828","2020-10-16 12:37:19","https://brightcdr.com/wp-content/LNTELiq/","offline","malware_download","emotet,epoch2,exe,heodo","https://urlhaus.abuse.ch/url/701828/","Cryptolaemus1"
"701825","2020-10-16 12:37:17","https://www.safeabortionrx.com/ext/XII/","offline","malware_download","emotet,epoch2,exe","https://urlhaus.abuse.ch/url/701825/","Cryptolaemus1"
"701821","2020-10-16 12:37:14","http://portal.digitalcompass.com/Styles/deeB/","offline","malware_download","emotet,epoch2,exe,heodo","https://urlhaus.abuse.ch/url/701821/","Cryptolaemus1"
"701815","2020-10-16 12:37:07","https://www.cavancart.com/staticmap/WR/","offline","malware_download","emotet,epoch2,exe,heodo","https://urlhaus.abuse.ch/url/701815/","Cryptolaemus1"
"701814","2020-10-16 12:37:07","https://www.homeabortionpillsrx.com/ext/N6SKd/","offline","malware_download","emotet,epoch2,exe,heodo","https://urlhaus.abuse.ch/url/701814/","Cryptolaemus1"
"701676","2020-10-16 12:08:06","https://teste.acelerati.com.br/downlood/doc_pack-1402876.zip","offline","malware_download","None","https://urlhaus.abuse.ch/url/701676/","ps66uk"
"701648","2020-10-16 12:05:08","https://solosur.com/1610.gif","online","malware_download","Quakbot,tr01","https://urlhaus.abuse.ch/url/701648/","ps66uk"
"701177","2020-10-16 11:02:05","http://healthandsports.gr/F4.jpg","offline","malware_download","Encoded,MassLogger","https://urlhaus.abuse.ch/url/701177/","JAMESWT_MHT"
"701059","2020-10-16 10:48:09","http://hotelaretes.gr/V8.jpg","offline","malware_download","Encoded,MassLogger","https://urlhaus.abuse.ch/url/701059/","JAMESWT_MHT"
"701039","2020-10-16 10:46:04","http://elsousi-upvc.com/wp-admin/PI15DL8JUPJMYFM/n72tqVyxoiotS4lf547e/","online","malware_download","doc,emotet,epoch1,heodo","https://urlhaus.abuse.ch/url/701039/","Cryptolaemus1"
"701031","2020-10-16 10:45:17","http://shraddhacarrentalindore.com/wp-includes/M/","online","malware_download","emotet,epoch1,exe,heodo","https://urlhaus.abuse.ch/url/701031/","Cryptolaemus1"
"701030","2020-10-16 10:45:17","http://vuatritue.com/wp-admin/Ux/","online","malware_download","emotet,epoch1,exe,heodo","https://urlhaus.abuse.ch/url/701030/","Cryptolaemus1"
"701032","2020-10-16 10:45:17","http://www.fortunelabels.com/test/SZ/","online","malware_download","emotet,epoch1,exe,heodo","https://urlhaus.abuse.ch/url/701032/","Cryptolaemus1"
"701029","2020-10-16 10:45:16","https://www.pxid360.com/wp-admin/PN/","online","malware_download","emotet,epoch1,exe,heodo","https://urlhaus.abuse.ch/url/701029/","Cryptolaemus1"
"701028","2020-10-16 10:45:15","http://childselect.com/cgi-bin/y/","online","malware_download","emotet,epoch1,exe,heodo","https://urlhaus.abuse.ch/url/701028/","Cryptolaemus1"
"701027","2020-10-16 10:45:14","http://tanger-soft.com/does-leaving/Kig/","offline","malware_download","emotet,epoch1,exe,heodo","https://urlhaus.abuse.ch/url/701027/","Cryptolaemus1"
"701026","2020-10-16 10:45:10","http://p4uclasses.com/wp-content/G/","offline","malware_download","emotet,epoch1,exe,heodo","https://urlhaus.abuse.ch/url/701026/","Cryptolaemus1"
"700921","2020-10-16 10:34:04","https://pastebin.com/raw/FTudyjmu","offline","malware_download","Encoded,exe,njRAT","https://urlhaus.abuse.ch/url/700921/","viql"
"700789","2020-10-16 10:18:06","https://noticeartist.com//raba/remcos_agent_ekNBpx98.bin","offline","malware_download","encrypted,GuLoader","https://urlhaus.abuse.ch/url/700789/","abuse_ch"
"700790","2020-10-16 10:18:06","https://noticeartist.com/raba/Nano_OJwDYAfnUa107.bin","offline","malware_download","encrypted,GuLoader","https://urlhaus.abuse.ch/url/700790/","abuse_ch"
"700787","2020-10-16 10:16:09","http://iqio.me/download/winnit.exe","offline","malware_download","CobaltStrike","https://urlhaus.abuse.ch/url/700787/","JAMESWT_MHT"
"700677","2020-10-16 09:45:06","http://www.czetrade.com/bending/OCT/t4HJwQLxzIXdZ/","online","malware_download","doc,emotet,epoch1,heodo","https://urlhaus.abuse.ch/url/700677/","Cryptolaemus1"
"700660","2020-10-16 09:42:14","http://mortgagefinancial.com/ayantis/lm//","offline","malware_download","doc,emotet,epoch2,heodo","https://urlhaus.abuse.ch/url/700660/","Cryptolaemus1"
"700661","2020-10-16 09:42:14","http://mostazadesigns.com/cgi-bin/h8h2d482jxbk8w/syhg7c3xr7inno0fjapmvzs/","online","malware_download","doc,emotet,epoch2,heodo","https://urlhaus.abuse.ch/url/700661/","Cryptolaemus1"
"700662","2020-10-16 09:42:14","https://www.dcdial.com/wp-includes/paclm/79t4qn62hps/","offline","malware_download","doc,emotet,epoch2,heodo","https://urlhaus.abuse.ch/url/700662/","Cryptolaemus1"
"700659","2020-10-16 09:42:13","http://rizzatocostruzioni.it/how-to/633085/","offline","malware_download","doc,emotet,epoch2,heodo","https://urlhaus.abuse.ch/url/700659/","Cryptolaemus1"
"700658","2020-10-16 09:42:13","https://ecrestex.com/theme-assets/parts_service/hw9kdun475/","offline","malware_download","doc,emotet,epoch2,heodo","https://urlhaus.abuse.ch/url/700658/","Cryptolaemus1"
"700652","2020-10-16 09:42:11","http://annabphotography.co.uk/wp-includes/51/","online","malware_download","doc,emotet,epoch2,heodo","https://urlhaus.abuse.ch/url/700652/","Cryptolaemus1"
"700653","2020-10-16 09:42:11","https://sbexports.pk/cgi-bin/invoice/jaghj5aqbrl2q//","offline","malware_download","doc,emotet,epoch2,heodo","https://urlhaus.abuse.ch/url/700653/","Cryptolaemus1"
"700651","2020-10-16 09:42:10","http://productosyserviciosecuador.com/humanhymns.com/Overview/8zm19dwnb/t6pb7yg59yx5lsvzdgmi8kb/","online","malware_download","doc,emotet,epoch2,heodo","https://urlhaus.abuse.ch/url/700651/","Cryptolaemus1"
"700650","2020-10-16 09:42:10","https://sbexports.pk/cgi-bin/browse/cp7z4c/4ghl4ksqo11ll6qqy/","offline","malware_download","doc,emotet,epoch2,heodo","https://urlhaus.abuse.ch/url/700650/","Cryptolaemus1"
"700647","2020-10-16 09:42:10","https://sbexports.pk/cgi-bin/invoice/jaghj5aqbrl2q/","offline","malware_download","doc,emotet,epoch2,heodo","https://urlhaus.abuse.ch/url/700647/","Cryptolaemus1"
"700648","2020-10-16 09:42:10","https://www.magellan-trading.com/wp-snapshots/16900/9zhhh7fkdbreh/rsy64zi7u8aifus2vf6mniyii/","offline","malware_download","doc,emotet,epoch2,heodo","https://urlhaus.abuse.ch/url/700648/","Cryptolaemus1"
"700644","2020-10-16 09:42:09","https://silverspooncontinental.pk/admin-dashboard/invoice/","offline","malware_download","doc,emotet,epoch2","https://urlhaus.abuse.ch/url/700644/","Cryptolaemus1"
"700646","2020-10-16 09:42:09","https://trananhduy2208.000webhostapp.com/wp-admin/docs/","online","malware_download","doc,emotet,epoch2,heodo","https://urlhaus.abuse.ch/url/700646/","Cryptolaemus1"
"700643","2020-10-16 09:42:08","http://kidscompany.fr/wp-admin/OCT/see0pf7se/","offline","malware_download","doc,emotet,epoch2,heodo","https://urlhaus.abuse.ch/url/700643/","Cryptolaemus1"
"700642","2020-10-16 09:42:08","https://reach-me.co/wp-content/payment/","online","malware_download","doc,emotet,epoch2,heodo","https://urlhaus.abuse.ch/url/700642/","Cryptolaemus1"
"700641","2020-10-16 09:42:07","http://universalpetroleum.com.pk/wp-admin/INC/ltehpr5kfi33jnh/","online","malware_download","doc,emotet,epoch2,heodo","https://urlhaus.abuse.ch/url/700641/","Cryptolaemus1"
"700639","2020-10-16 09:42:06","http://latambora.com.sv/cgi-bin/eTrac/pymzy0utmlw5ec/xihghdssqascw8yhnelwt4cjxruvt49u/","online","malware_download","doc,emotet,epoch2,heodo","https://urlhaus.abuse.ch/url/700639/","Cryptolaemus1"
"700635","2020-10-16 09:42:05","http://dtuffman.com/assets/balance/7/","offline","malware_download","doc,emotet,epoch2,heodo","https://urlhaus.abuse.ch/url/700635/","Cryptolaemus1"
"700636","2020-10-16 09:42:05","http://mortgagefinancial.com/ayantis/lm/","offline","malware_download","doc,emotet,epoch2,heodo","https://urlhaus.abuse.ch/url/700636/","Cryptolaemus1"
"700633","2020-10-16 09:42:04","https://www.buyabortionpills.net/directory/swift/","offline","malware_download","doc,emotet,epoch2,heodo","https://urlhaus.abuse.ch/url/700633/","Cryptolaemus1"
"700632","2020-10-16 09:42:04","https://www.onlineabortionpillrx.com/bower_components/z0kz8po1plalgn232bjs4hmhg47m4bl/","offline","malware_download","doc,emotet,epoch2,heodo","https://urlhaus.abuse.ch/url/700632/","Cryptolaemus1"
"700235","2020-10-16 09:03:09","https://pastebin.com/raw/YmL62AW9","offline","malware_download","exe,njRAT","https://urlhaus.abuse.ch/url/700235/","pmelson"
"700009","2020-10-16 08:29:08","http://duracom.ga/protected/akin/InKY0ujCqKHXZp1.exe","online","malware_download","exe,Loki","https://urlhaus.abuse.ch/url/700009/","oppimaniac"
"699924","2020-10-16 08:19:06","http://geneoffce.eu/Img/T6M.exe","offline","malware_download","exe,MassLogger","https://urlhaus.abuse.ch/url/699924/","abuse_ch"
"699825","2020-10-16 08:06:33","http://dodungphongtam.com/content/GZ5Mk/","offline","malware_download","emotet,epoch3,exe,heodo","https://urlhaus.abuse.ch/url/699825/","bomccss"
"699824","2020-10-16 08:06:15","http://www.metodotrcd.com/wp/d/","online","malware_download","emotet,epoch3,exe,heodo","https://urlhaus.abuse.ch/url/699824/","bomccss"
"699820","2020-10-16 08:06:14","http://borjboland.com/wp-admin/pH/","online","malware_download","emotet,epoch3,exe,heodo","https://urlhaus.abuse.ch/url/699820/","bomccss"
"699822","2020-10-16 08:06:14","http://getquicksafaris.com/wp-content/nJtvlV9ha/","online","malware_download","emotet,epoch3,exe,heodo","https://urlhaus.abuse.ch/url/699822/","bomccss"
"699823","2020-10-16 08:06:14","http://rangpurbarassociation.com/cgi-bin/2BdjrjymS/","offline","malware_download","emotet,epoch3,exe,heodo","https://urlhaus.abuse.ch/url/699823/","bomccss"
"699821","2020-10-16 08:06:14","http://symbiosis-consulting.com/blogs/FVX8XRa/","online","malware_download","emotet,epoch3,exe,heodo","https://urlhaus.abuse.ch/url/699821/","bomccss"
"699819","2020-10-16 08:06:14","https://sakhilalleather.com/wp-admin/t7GkPP4/","offline","malware_download","emotet,epoch3,exe,heodo","https://urlhaus.abuse.ch/url/699819/","bomccss"
"699561","2020-10-16 07:25:07","https://pastebin.com/raw/1WtQNqHH","offline","malware_download","PowerShellEmpire","https://urlhaus.abuse.ch/url/699561/","viql"
"699525","2020-10-16 07:02:18","http://agroproindia.com/cgi-bin/95r09UGlIj/","offline","malware_download","emotet,epoch3,exe,heodo","https://urlhaus.abuse.ch/url/699525/","bomccss"
"699524","2020-10-16 07:02:18","http://pandebaik.com/_vti_bin/Y/","online","malware_download","emotet,epoch3,exe,heodo","https://urlhaus.abuse.ch/url/699524/","bomccss"
"699521","2020-10-16 07:02:18","http://studyguidewithlakshmi.com/directory/v982c9VH5c/","online","malware_download","emotet,epoch3,exe,heodo","https://urlhaus.abuse.ch/url/699521/","bomccss"
"699523","2020-10-16 07:02:18","http://www.divemed-tech.com/will-a/gjzE/","offline","malware_download","emotet,epoch3,exe,heodo","https://urlhaus.abuse.ch/url/699523/","bomccss"
"699520","2020-10-16 07:02:18","http://www.olimpiadasolidaria.com/wp-snapshots/BM7ftDR7a/","online","malware_download","emotet,epoch3,exe,heodo","https://urlhaus.abuse.ch/url/699520/","bomccss"
"699522","2020-10-16 07:02:18","https://bazarkotulpur.com/wp-content/0tu/","online","malware_download","emotet,epoch3,exe,heodo","https://urlhaus.abuse.ch/url/699522/","bomccss"
"699519","2020-10-16 07:02:16","https://johndaurizio.com/wp-includes/Uhp4cB5mgN/","online","malware_download","emotet,epoch3,exe,heodo","https://urlhaus.abuse.ch/url/699519/","bomccss"
"699480","2020-10-16 06:42:07","http://madebypaul.co.kr/wp-includes/Documentation/dxmetvz/21g90o/","online","malware_download","doc,emotet,epoch2,heodo","https://urlhaus.abuse.ch/url/699480/","Cryptolaemus1"
"699478","2020-10-16 06:42:05","http://aritgence.com/wp-admin/balance/","online","malware_download","doc,emotet,epoch2,heodo","https://urlhaus.abuse.ch/url/699478/","Cryptolaemus1"
"699479","2020-10-16 06:42:05","http://turbineseuperfil.online/sitetarget/report/","offline","malware_download","doc,emotet,epoch2,heodo","https://urlhaus.abuse.ch/url/699479/","Cryptolaemus1"
"699476","2020-10-16 06:42:04","http://vishwaganga.org/wp-content/DOC/p7chlf/","online","malware_download","doc,emotet,epoch2,heodo","https://urlhaus.abuse.ch/url/699476/","Cryptolaemus1"
"699477","2020-10-16 06:42:04","https://fastmotor.000webhostapp.com/wp-admin/report/","online","malware_download","doc,emotet,epoch2,heodo","https://urlhaus.abuse.ch/url/699477/","Cryptolaemus1"
"699474","2020-10-16 06:42:03","http://bodzan.pl/wp-content/docs/1719xrmo59t/m6wet1vcn7xyt2zh6uihbmtn2ql5rn/","online","malware_download","doc,emotet,epoch2,heodo","https://urlhaus.abuse.ch/url/699474/","Cryptolaemus1"
"699475","2020-10-16 06:42:03","http://clercxsanitair.be/3d-hologram/Document/","online","malware_download","doc,emotet,epoch2,heodo","https://urlhaus.abuse.ch/url/699475/","Cryptolaemus1"
"699473","2020-10-16 06:41:49","http://www.geosrt.com/atrabiliary/yfH/","offline","malware_download","emotet,epoch2,exe,heodo","https://urlhaus.abuse.ch/url/699473/","Cryptolaemus1"
"699472","2020-10-16 06:41:14","http://myseedology.com/cgi-bin/7GzFsT/","online","malware_download","emotet,epoch2,exe,heodo","https://urlhaus.abuse.ch/url/699472/","Cryptolaemus1"
"699471","2020-10-16 06:41:14","http://www.charlesze.com/content/z0lGKS/","offline","malware_download","emotet,epoch2,exe,heodo","https://urlhaus.abuse.ch/url/699471/","Cryptolaemus1"
"699470","2020-10-16 06:41:14","http://www.dmtland.com/wp-admin/4k/","online","malware_download","emotet,epoch2,exe,heodo","https://urlhaus.abuse.ch/url/699470/","Cryptolaemus1"
"699469","2020-10-16 06:41:14","https://www.zero-finance.com/wp-content/6sa/","offline","malware_download","emotet,epoch2,exe,heodo","https://urlhaus.abuse.ch/url/699469/","Cryptolaemus1"
"699468","2020-10-16 06:41:13","http://foulgerteam.com/foulgerteam.com/i/","offline","malware_download","emotet,epoch2,exe,heodo","https://urlhaus.abuse.ch/url/699468/","Cryptolaemus1"
"699467","2020-10-16 06:41:12","http://amicusdh.org/coaid/0g/","online","malware_download","emotet,epoch2,exe,heodo","https://urlhaus.abuse.ch/url/699467/","Cryptolaemus1"
"699464","2020-10-16 06:39:04","http://apulides.com/wp-includes/payment/e6v1p6mq0ljc9/","online","malware_download","doc,emotet,epoch2,heodo","https://urlhaus.abuse.ch/url/699464/","zbetcheckin"
"699434","2020-10-16 06:14:04","http://fulfillmententertainment.com/wp-content/Overview/HrL3IJzCkHOPx3lKnM/","online","malware_download","doc,emotet,epoch1,heodo","https://urlhaus.abuse.ch/url/699434/","Cryptolaemus1"
"699433","2020-10-16 06:13:18","http://www.tiktokvapes.com/wp-admin/xL/","offline","malware_download","emotet,epoch1,exe,heodo","https://urlhaus.abuse.ch/url/699433/","Cryptolaemus1"
"699432","2020-10-16 06:13:16","http://www.blackstonetutors-onlineportal.com/wp-includes/fm/","offline","malware_download","emotet,epoch1,exe,heodo","https://urlhaus.abuse.ch/url/699432/","Cryptolaemus1"
"699430","2020-10-16 06:13:14","https://www.mycollegecp.com/content/kRL/","online","malware_download","emotet,epoch1,exe,heodo","https://urlhaus.abuse.ch/url/699430/","Cryptolaemus1"
"699431","2020-10-16 06:13:14","https://www.pgiso.com/wp-admin/mCQ/","online","malware_download","emotet,epoch1,exe,heodo","https://urlhaus.abuse.ch/url/699431/","Cryptolaemus1"
"699429","2020-10-16 06:13:12","http://bachhoanhale.com/wordpress/I/","offline","malware_download","emotet,epoch1,exe,heodo","https://urlhaus.abuse.ch/url/699429/","Cryptolaemus1"
"699428","2020-10-16 06:13:12","http://invaluablearts.com/6sn1f/t/","online","malware_download","emotet,epoch1,exe,heodo","https://urlhaus.abuse.ch/url/699428/","Cryptolaemus1"
"699427","2020-10-16 06:13:11","http://tatilburdur.com/scutum/KV/","offline","malware_download","emotet,epoch1,exe,heodo","https://urlhaus.abuse.ch/url/699427/","Cryptolaemus1"
"699374","2020-10-16 05:48:18","http://sandivietnam.com/wp-admin/o/","online","malware_download","emotet,epoch3,exe,heodo","https://urlhaus.abuse.ch/url/699374/","Cryptolaemus1"
"699373","2020-10-16 05:48:07","http://excelenceimoveis.com.br/wp-includes/k/","online","malware_download","emotet,epoch3,exe,heodo","https://urlhaus.abuse.ch/url/699373/","Cryptolaemus1"
"699372","2020-10-16 05:48:06","https://otsus.papuabaratprov.go.id/wp-admin/maint/FILE/GO2DFcL6qUME/","offline","malware_download","doc,emotet,epoch1,heodo","https://urlhaus.abuse.ch/url/699372/","Cryptolaemus1"
"699371","2020-10-16 05:47:05","http://servautodan.ro/bocoran-hongkong/reporting/jiiyubgbl4cimasiny/","offline","malware_download","doc,emotet,epoch1","https://urlhaus.abuse.ch/url/699371/","Cryptolaemus1"
"699370","2020-10-16 05:43:10","http://knami.cn/wp-includes/swift/","online","malware_download","doc,emotet,epoch2,heodo","https://urlhaus.abuse.ch/url/699370/","Cryptolaemus1"
"699369","2020-10-16 05:43:09","http://songtian2022.top/quackish/7838656582/","offline","malware_download","doc,emotet,epoch2,heodo","https://urlhaus.abuse.ch/url/699369/","Cryptolaemus1"
"699368","2020-10-16 05:43:07","http://genuineandgorgeous.com/content/dd3vwuo/5d20s2078me2s8yq/","online","malware_download","doc,emotet,epoch2,heodo","https://urlhaus.abuse.ch/url/699368/","Cryptolaemus1"
"699365","2020-10-16 05:43:05","http://kendriyaonline.org/admin_userdet/report/","online","malware_download","doc,emotet,epoch2,heodo","https://urlhaus.abuse.ch/url/699365/","Cryptolaemus1"
"699367","2020-10-16 05:43:05","http://profbuh.org/content/scan/a9qa18tk0rge/8oraffr73/","online","malware_download","doc,emotet,epoch2,heodo","https://urlhaus.abuse.ch/url/699367/","Cryptolaemus1"
"699366","2020-10-16 05:43:05","https://fastwebmm.com/wp-content/LLC/skmfdawwi65o/auf1rz9l7et1js67d5uq/","online","malware_download","doc,emotet,epoch2,heodo","https://urlhaus.abuse.ch/url/699366/","Cryptolaemus1"
"699363","2020-10-16 05:43:04","http://ebodytraining.es/wp-content/payment/","offline","malware_download","doc,emotet,epoch2,heodo","https://urlhaus.abuse.ch/url/699363/","Cryptolaemus1"
"699364","2020-10-16 05:43:04","https://alsafainternational-ye.com/wp-admin/invoice/thw181iunaf8z3oxaj/","offline","malware_download","doc,emotet,epoch2,heodo","https://urlhaus.abuse.ch/url/699364/","Cryptolaemus1"
"699362","2020-10-16 05:43:03","http://tcamexpo.com/wp-content/parts_service/msql9lpdtsv3/","online","malware_download","doc,emotet,epoch2,heodo","https://urlhaus.abuse.ch/url/699362/","Cryptolaemus1"
"699334","2020-10-16 05:23:35","http://therockstar.co.za/qlohksiyccs/3415201.png","online","malware_download","exe,Qakbot,qbot,Quakbot","https://urlhaus.abuse.ch/url/699334/","mattdep_"
"699333","2020-10-16 05:23:18","http://wetransferdownloads.duckdns.org/ftp.exe","offline","malware_download","AZORult","https://urlhaus.abuse.ch/url/699333/","Racco42"
"699332","2020-10-16 05:23:13","http://neouniv.jp/mfzbnacjqm/3415201.png","online","malware_download","qbot,Quakbot","https://urlhaus.abuse.ch/url/699332/","Ttargaryen1"
"699331","2020-10-16 05:23:11","http://supplynowdent.com/hdbbkgpb/3415201.png","online","malware_download","exe,Qakbot,qbot,Quakbot","https://urlhaus.abuse.ch/url/699331/","mattdep_"
"699330","2020-10-16 05:23:09","http://ahmotosports.com/ktrgrfmq/3415201.png","online","malware_download","exe,Qakbot,qbot,Quakbot","https://urlhaus.abuse.ch/url/699330/","mattdep_"
"699327","2020-10-16 05:23:04","https://public.3.basecamp.com/p/HBPaNhc8zqUUKMzEijiNDrtW/upload/download/Review_Report15-10.exe","offline","malware_download","bazaloader,RumikonLLC,signed","https://urlhaus.abuse.ch/url/699327/","edelahozuah"
"699177","2020-10-16 03:18:03","https://pastebin.com/raw/WcXgaQsS","offline","malware_download","exe,njRAT","https://urlhaus.abuse.ch/url/699177/","pmelson"
"699060","2020-10-16 02:20:08","http://volga-petrol.com/media/cms/css/ssj.jpg","offline","malware_download","exe,Troldesh","https://urlhaus.abuse.ch/url/699060/","zbetcheckin"
"699025","2020-10-16 01:47:09","http://qualitychildcarepreschool.com/0Bq0iCR6gx/oq/","online","malware_download","emotet,epoch1,exe,heodo","https://urlhaus.abuse.ch/url/699025/","Cryptolaemus1"
"699024","2020-10-16 01:47:07","https://syracusecoffee.com/customer/jf/","online","malware_download","emotet,epoch1,exe,heodo","https://urlhaus.abuse.ch/url/699024/","Cryptolaemus1"
"699019","2020-10-16 01:45:09","https://ruralagricola.com.br/wp-admin/HZ5sy3nL7/","online","malware_download","emotet,epoch3,exe,heodo","https://urlhaus.abuse.ch/url/699019/","Cryptolaemus1"
"699014","2020-10-16 01:42:33","https://gaashaan.com/cgi-bin/O/","offline","malware_download","emotet,epoch2,exe,heodo","https://urlhaus.abuse.ch/url/699014/","Cryptolaemus1"
"698997","2020-10-16 01:33:03","https://pastebin.com/raw/EnKuD4t0","offline","malware_download","exe,njRAT","https://urlhaus.abuse.ch/url/698997/","pmelson"
"698976","2020-10-16 01:20:40","http://ps.sywwl.cn/web/Reporting/","offline","malware_download","doc,emotet,epoch2","https://urlhaus.abuse.ch/url/698976/","Cryptolaemus1"
"698973","2020-10-16 01:20:15","http://fashion-cactus.site/wp-content/FILE/c4j4yq/","online","malware_download","doc,emotet,epoch2,heodo","https://urlhaus.abuse.ch/url/698973/","Cryptolaemus1"
"698974","2020-10-16 01:20:15","https://goodsalers.com/ffxiv-sophia/statement/vhud9vp8we/","online","malware_download","doc,emotet,epoch2,heodo","https://urlhaus.abuse.ch/url/698974/","Cryptolaemus1"
"698975","2020-10-16 01:20:15","https://hredoybangladesh.com/content/docs/wvoiha4vd1aqty/","online","malware_download","doc,emotet,epoch2,heodo","https://urlhaus.abuse.ch/url/698975/","Cryptolaemus1"
"698972","2020-10-16 01:20:13","http://hanedu.vn/wp-includes/px2fs1/","online","malware_download","doc,emotet,epoch2,heodo","https://urlhaus.abuse.ch/url/698972/","Cryptolaemus1"
"698971","2020-10-16 01:20:13","http://www.crazyblondeukrainian.shop/wp-includes/156044240807/rn43bkqv6m1/","offline","malware_download","doc,emotet,epoch2,heodo","https://urlhaus.abuse.ch/url/698971/","Cryptolaemus1"
"698970","2020-10-16 01:20:11","http://rcosportsco.com/wolf-drops/OCT/","offline","malware_download","doc,emotet,epoch2,heodo","https://urlhaus.abuse.ch/url/698970/","Cryptolaemus1"
